LastName;FirstName;OU;SamID;JobTitle;Department;DisplayName;Initials;MustChPwd;Profile;PwdNeverExpires;MemberOf
TechTAI-1;TechTAI-1;OU=Informatique;TechTAI-1;Technicien TAI 1;Informatique;TechTAI-1;AH;0;;0;"CN=Opérateurs de compte,CN=Builtin"
TechTAI-2;TechTAI-2;OU=Informatique;TechTAI-2;Technicien TAI 2;Informatique;TechTAI-2;AH;0;;0;"CN=Opérateurs de compte,CN=Builtin"
TechTAI-3;TechTAI-3;OU=Informatique;TechTAI-3;Technicien TAI 3;Informatique;TechTAI-3;AH;0;;0;"CN=Opérateurs de compte,CN=Builtin"
TechTAI-4;TechTAI-4;OU=Informatique;TechTAI-4;Technicien TAI 4;Informatique;TechTAI-4;AH;0;;0;"CN=Opérateurs de compte,CN=Builtin"
MARTIN;Amaury;OU=Comptable,OU=Administratif;Amaury.MARTIN;Comptable;Comptabilite;Amaury MARTIN;AM;1;Administratif\Comptable\Amaury.MARTIN;;CN=Comptables,OU=Groupe,OU=Informatique
THOMAS;Lola;OU=Comptable,OU=Administratif;Lola.THOMAS;Comptable;Comptabilite;Lola THOMAS;LT;1;Administratif\Comptable\Lola.THOMAS;;CN=Comptables,OU=Groupe,OU=Informatique
ROBERT;Aurelie;OU=Comptable,OU=Administratif;Aurelie.ROBERT;Comptable;Comptabilite;Aurelie ROBERT;AR;1;Administratif\Comptable\Aurelie.ROBERT;;CN=Comptables,OU=Groupe,OU=Informatique
DURAND;Romane;OU=Comptable,OU=Administratif;Romane.DURAND;Comptable;Comptabilite;Romane DURAND;RD;1;Administratif\Comptable\Romane.DURAND;;CN=Comptables,OU=Groupe,OU=Informatique
MOREAU;Matteo;OU=Comptable,OU=Administratif;Matteo.MOREAU;Comptable;Comptabilite;Matteo MOREAU;MM;1;Administratif\Comptable\Matteo.MOREAU;;CN=Comptables,OU=Groupe,OU=Informatique
SIMON;Diego;OU=Comptable,OU=Administratif;Diego.SIMON;Comptable;Comptabilite;Diego SIMON;DS;1;Administratif\Comptable\Diego.SIMON;;CN=Comptables,OU=Groupe,OU=Informatique
LEFEBVRE;Jade;OU=Secretariat,OU=Administratif;Jade.LEFEBVRE;Secretaire;Secretariat;Jade LEFEBVRE;JL;1;Administratif\Secretariat\Jade.LEFEBVRE;;CN=Secretaires,OU=Groupe,OU=Informatique
ROUX;Maxime;OU=Secretariat,OU=Administratif;Maxime.ROUX;Secretaire;Secretariat;Maxime ROUX;MR;1;Administratif\Secretariat\Maxime.ROUX;;CN=Secretaires,OU=Groupe,OU=Informatique
BERTRAND;Thea;OU=Secretariat,OU=Administratif;Thea.BERTRAND;Secretaire;Secretariat;Thea BERTRAND;TB;1;Administratif\Secretariat\Thea.BERTRAND;;CN=Secretaires,OU=Groupe,OU=Informatique
FOURNIER;Luna;OU=Secretariat,OU=Administratif;Luna.FOURNIER;Secretaire;Secretariat;Luna FOURNIER;LF;1;Administratif\Secretariat\Luna.FOURNIER;;CN=Secretaires,OU=Groupe,OU=Informatique
BONNET;Lena;OU=Secretariat,OU=Administratif;Lena.BONNET;Secretaire;Secretariat;Lena BONNET;LB;1;Administratif\Secretariat\Lena.BONNET;;CN=Secretaires,OU=Groupe,OU=Informatique
LAMBERT;Zoe;OU=Secretariat,OU=Administratif;Zoe.LAMBERT;Secretaire;Secretariat;Zoe LAMBERT;ZL;1;Administratif\Secretariat\Zoe.LAMBERT;;CN=Secretaires,OU=Groupe,OU=Informatique
ROUSSEAU;Thais;OU=Secretariat,OU=Administratif;Thais.ROUSSEAU;Secretaire;Secretariat;Thais ROUSSEAU;TR;1;Administratif\Secretariat\Thais.ROUSSEAU;;CN=Secretaires,OU=Groupe,OU=Informatique
MULLER;Basile;OU=Secretariat,OU=Administratif;Basile.MULLER;Secretaire;Secretariat;Basile MULLER;BM;1;Administratif\Secretariat\Basile.MULLER;;CN=Secretaires,OU=Groupe,OU=Informatique
FAURE;Celia;OU=Secretariat,OU=Administratif;Celia.FAURE;Secretaire;Secretariat;Celia FAURE;CF;1;Administratif\Secretariat\Celia.FAURE;;CN=Secretaires,OU=Groupe,OU=Informatique
MERCIER;Danae;OU=Secretariat,OU=Administratif;Danae.MERCIER;Secretaire;Secretariat;Danae MERCIER;DM;1;Administratif\Secretariat\Danae.MERCIER;;CN=Secretaires,OU=Groupe,OU=Informatique
GUERIN;Enzo;OU=Secretariat,OU=Administratif;Enzo.GUERIN;Secretaire;Secretariat;Enzo GUERIN;EG;1;Administratif\Secretariat\Enzo.GUERIN;;CN=Secretaires,OU=Groupe,OU=Informatique
GARNIER;Francesca;OU=Secretariat,OU=Administratif;Francesca.GARNIER;Secretaire;Secretariat;Francesca GARNIER;FG;1;Administratif\Secretariat\Francesca.GARNIER;;CN=Secretaires,OU=Groupe,OU=Informatique
RICHARD;Clara;OU=Standard,OU=Administratif;Clara.RICHARD;Standardiste;Standard;Clara RICHARD;CR;1;Administratif\Standard\Clara.RICHARD;;CN=Standardistes,OU=Groupe,OU=Informatique
DUBOIS;Cyprien;OU=Standard,OU=Administratif;Cyprien.DUBOIS;Standardiste;Standard;Cyprien DUBOIS;CD;1;Administratif\Standard\Cyprien.DUBOIS;;CN=Standardistes,OU=Groupe,OU=Informatique
LAURENT;Soline;OU=Standard,OU=Administratif;Soline.LAURENT;Standardiste;Standard;Soline LAURENT;SL;1;Administratif\Standard\Soline.LAURENT;;CN=Standardistes,OU=Groupe,OU=Informatique
FRANCOIS;Ambre;OU=Standard,OU=Administratif;Ambre.FRANCOIS;Standardiste;Standard;Ambre FRANCOIS;AF;1;Administratif\Standard\Ambre.FRANCOIS;;CN=Standardistes,OU=Groupe,OU=Informatique
BERNARD;Alienor;OU=Standard,OU=Administratif;Alienor.BERNARD;Standardiste;Standard;Alienor BERNARD;AB;1;Administratif\Standard\Alienor.BERNARD;;CN=Standardistes,OU=Groupe,OU=Informatique
PETIT;Cassandre;OU=Standard,OU=Administratif;Cassandre.PETIT;Standardiste;Standard;Cassandre PETIT;CP;1;Administratif\Standard\Cassandre.PETIT;;CN=Standardistes,OU=Groupe,OU=Informatique
MICHEL;Antonin;OU=Standard,OU=Administratif;Antonin.MICHEL;Standardiste;Standard;Antonin MICHEL;AM;1;Administratif\Standard\Antonin.MICHEL;;CN=Standardistes,OU=Groupe,OU=Informatique
LEROY;Lilia;OU=Standard,OU=Administratif;Lilia.LEROY;Standardiste;Standard;Lilia LEROY;LL;1;Administratif\Standard\Lilia.LEROY;;CN=Standardistes,OU=Groupe,OU=Informatique
DAVID;Lara;OU=Standard,OU=Administratif;Lara.DAVID;Standardiste;Standard;Lara DAVID;LD;1;Administratif\Standard\Lara.DAVID;;CN=Standardistes,OU=Groupe,OU=Informatique
MOREL;Flavie;OU=Standard,OU=Administratif;Flavie.MOREL;Standardiste;Standard;Flavie MOREL;FM;1;Administratif\Standard\Flavie.MOREL;;CN=Standardistes,OU=Groupe,OU=Informatique
GIRARD;Saline;OU=Standard,OU=Administratif;Saline.GIRARD;Standardiste;Standard;Saline GIRARD;SG;1;Administratif\Standard\Saline.GIRARD;;CN=Standardistes,OU=Groupe,OU=Informatique
DUPONT;Maxence;OU=Standard,OU=Administratif;Maxence.DUPONT;Standardiste;Standard;Maxence DUPONT;MD;1;Administratif\Standard\Maxence.DUPONT;;CN=Standardistes,OU=Groupe,OU=Informatique
FONTAINE;Lucas;OU=Standard,OU=Administratif;Lucas.FONTAINE;Standardiste;Standard;Lucas FONTAINE;LF;1;Administratif\Standard\Lucas.FONTAINE;;CN=Standardistes,OU=Groupe,OU=Informatique
VINCENT;Bastien;OU=Standard,OU=Administratif;Bastien.VINCENT;Standardiste;Standard;Bastien VINCENT;BV;1;Administratif\Standard\Bastien.VINCENT;;CN=Standardistes,OU=Groupe,OU=Informatique
LEFEVRE;Lou-Ann;OU=Standard,OU=Administratif;Lou-Ann.LEFEVRE;Standardiste;Standard;Lou-Ann LEFEVRE;LL;1;Administratif\Standard\Lou-Ann.LEFEVRE;;CN=Standardistes,OU=Groupe,OU=Informatique
ANDRE;Nina;OU=Standard,OU=Administratif;Nina.ANDRE;Standardiste;Standard;Nina ANDRE;NA;1;Administratif\Standard\Nina.ANDRE;;CN=Standardistes,OU=Groupe,OU=Informatique
BLANC;Juliette;OU=Standard,OU=Administratif;Juliette.BLANC;Standardiste;Standard;Juliette BLANC;JB;1;Administratif\Standard\Juliette.BLANC;;CN=Standardistes,OU=Groupe,OU=Informatique
BOYER;Albane;OU=Standard,OU=Administratif;Albane.BOYER;Standardiste;Standard;Albane BOYER;AB;1;Administratif\Standard\Albane.BOYER;;CN=Standardistes,OU=Groupe,OU=Informatique
CHEVALIER;Angeline;OU=Standard,OU=Administratif;Angeline.CHEVALIER;Standardiste;Standard;Angeline CHEVALIER;AC;1;Administratif\Standard\Angeline.CHEVALIER;;CN=Standardistes,OU=Groupe,OU=Informatique
LEGRAND;Justin;OU=Standard,OU=Administratif;Justin.LEGRAND;Standardiste;Standard;Justin LEGRAND;JL;1;Administratif\Standard\Justin.LEGRAND;;CN=Standardistes,OU=Groupe,OU=Informatique
BRUN;Clelia;OU=Standard,OU=Administratif;Clelia.BRUN;Standardiste;Standard;Clelia BRUN;CB;1;Administratif\Standard\Clelia.BRUN;;CN=Standardistes,OU=Groupe,OU=Informatique
GIRAUD;Lea;OU=Standard,OU=Administratif;Lea.GIRAUD;Standardiste;Standard;Lea GIRAUD;LG;1;Administratif\Standard\Lea.GIRAUD;;CN=Standardistes,OU=Groupe,OU=Informatique
RIVIERE;Emma;OU=Standard,OU=Administratif;Emma.RIVIERE;Standardiste;Standard;Emma RIVIERE;ER;1;Administratif\Standard\Emma.RIVIERE;;CN=Standardistes,OU=Groupe,OU=Informatique
BRUNET;Leo;OU=Standard,OU=Administratif;Leo.BRUNET;Standardiste;Standard;Leo BRUNET;LB;1;Administratif\Standard\Leo.BRUNET;;CN=Standardistes,OU=Groupe,OU=Informatique
BARBIER;Dorian;OU=Standard,OU=Administratif;Dorian.BARBIER;Standardiste;Standard;Dorian BARBIER;DB;1;Administratif\Standard\Dorian.BARBIER;;CN=Standardistes,OU=Groupe,OU=Informatique
MARTINEZ;Tristan;OU=Standard,OU=Administratif;Tristan.MARTINEZ;Standardiste;Standard;Tristan MARTINEZ;TM;1;Administratif\Standard\Tristan.MARTINEZ;;CN=Standardistes,OU=Groupe,OU=Informatique
ROCHE;Eline;OU=Standard,OU=Administratif;Eline.ROCHE;Standardiste;Standard;Eline ROCHE;ER;1;Administratif\Standard\Eline.ROCHE;;CN=Standardistes,OU=Groupe,OU=Informatique
SCHMITT;Mateo;OU=Standard,OU=Administratif;Mateo.SCHMITT;Standardiste;Standard;Mateo SCHMITT;MS;1;Administratif\Standard\Mateo.SCHMITT;;CN=Standardistes,OU=Groupe,OU=Informatique
LEROUX;Isaure;OU=Standard,OU=Administratif;Isaure.LEROUX;Standardiste;Standard;Isaure LEROUX;IL;1;Administratif\Standard\Isaure.LEROUX;;CN=Standardistes,OU=Groupe,OU=Informatique
VIDAL;Laurine;OU=Standard,OU=Administratif;Laurine.VIDAL;Standardiste;Standard;Laurine VIDAL;LV;1;Administratif\Standard\Laurine.VIDAL;;CN=Standardistes,OU=Groupe,OU=Informatique
PICARD;Baptiste;OU=Standard,OU=Administratif;Baptiste.PICARD;Standardiste;Standard;Baptiste PICARD;BP;1;Administratif\Standard\Baptiste.PICARD;;CN=Standardistes,OU=Groupe,OU=Informatique
FABRE;Eve;OU=Developpement,OU=Technique;Eve.FABRE;Developpeur;Developpement;Eve FABRE;EF;1;Technique\Developpement\Eve.FABRE;;CN=Developpeurs,OU=Groupe,OU=Informatique
LEMOINE;Amaury;OU=Developpement,OU=Technique;Amaury.LEMOINE;Developpeur;Developpement;Amaury LEMOINE;AL;1;Technique\Developpement\Amaury.LEMOINE;;CN=Developpeurs,OU=Groupe,OU=Informatique
DUMAS;Francesca;OU=Developpement,OU=Technique;Francesca.DUMAS;Developpeur;Developpement;Francesca DUMAS;FD;1;Technique\Developpement\Francesca.DUMAS;;CN=Developpeurs,OU=Groupe,OU=Informatique
OLIVIER;Suzanne;OU=Developpement,OU=Technique;Suzanne.OLIVIER;Developpeur;Developpement;Suzanne OLIVIER;SO;1;Technique\Developpement\Suzanne.OLIVIER;;CN=Developpeurs,OU=Groupe,OU=Informatique
BOURGEOIS;Laurence;OU=Developpement,OU=Technique;Laurence.BOURGEOIS;Developpeur;Developpement;Laurence BOURGEOIS;LB;1;Technique\Developpement\Laurence.BOURGEOIS;;CN=Developpeurs,OU=Groupe,OU=Informatique
BENOIT;Flavie;OU=Developpement,OU=Technique;Flavie.BENOIT;Developpeur;Developpement;Flavie BENOIT;FB;1;Technique\Developpement\Flavie.BENOIT;;CN=Developpeurs,OU=Groupe,OU=Informatique
LECLERC;Aurelien;OU=Developpement,OU=Technique;Aurelien.LECLERC;Developpeur;Developpement;Aurelien LECLERC;AL;1;Technique\Developpement\Aurelien.LECLERC;;CN=Developpeurs,OU=Groupe,OU=Informatique
ROLLAND;Juliette;OU=Developpement,OU=Technique;Juliette.ROLLAND;Developpeur;Developpement;Juliette ROLLAND;JR;1;Technique\Developpement\Juliette.ROLLAND;;CN=Developpeurs,OU=Groupe,OU=Informatique
RENARD;Harmonie;OU=Developpement,OU=Technique;Harmonie.RENARD;Developpeur;Developpement;Harmonie RENARD;HR;1;Technique\Developpement\Harmonie.RENARD;;CN=Developpeurs,OU=Groupe,OU=Informatique
ROY;Rose;OU=Developpement,OU=Technique;Rose.ROY;Developpeur;Developpement;Rose ROY;RR;1;Technique\Developpement\Rose.ROY;;CN=Developpeurs,OU=Groupe,OU=Informatique
COLIN;Viviane;OU=Developpement,OU=Technique;Viviane.COLIN;Developpeur;Developpement;Viviane COLIN;VC;1;Technique\Developpement\Viviane.COLIN;;CN=Developpeurs,OU=Groupe,OU=Informatique
CARON;Marie-Odile;OU=Developpement,OU=Technique;Marie-Odile.CARON;Developpeur;Developpement;Marie-Odile CARON;MC;1;Technique\Developpement\Marie-Odile.CARON;;CN=Developpeurs,OU=Groupe,OU=Informatique
ROGER;Angeline;OU=Developpement,OU=Technique;Angeline.ROGER;Developpeur;Developpement;Angeline ROGER;AR;1;Technique\Developpement\Angeline.ROGER;;CN=Developpeurs,OU=Groupe,OU=Informatique
AUBERT;Ninon;OU=Developpement,OU=Technique;Ninon.AUBERT;Developpeur;Developpement;Ninon AUBERT;NA;1;Technique\Developpement\Ninon.AUBERT;;CN=Developpeurs,OU=Groupe,OU=Informatique
RENAUD;Christel;OU=Developpement,OU=Technique;Christel.RENAUD;Developpeur;Developpement;Christel RENAUD;CR;1;Technique\Developpement\Christel.RENAUD;;CN=Developpeurs,OU=Groupe,OU=Informatique
LACROIX;Jocelyne;OU=Developpement,OU=Technique;Jocelyne.LACROIX;Developpeur;Developpement;Jocelyne LACROIX;JL;1;Technique\Developpement\Jocelyne.LACROIX;;CN=Developpeurs,OU=Groupe,OU=Informatique
PHILIPPE;Lina;OU=Developpement,OU=Technique;Lina.PHILIPPE;Developpeur;Developpement;Lina PHILIPPE;LP;1;Technique\Developpement\Lina.PHILIPPE;;CN=Developpeurs,OU=Groupe,OU=Informatique
PIERRE;Clement;OU=Developpement,OU=Technique;Clement.PIERRE;Developpeur;Developpement;Clement PIERRE;CP;1;Technique\Developpement\Clement.PIERRE;;CN=Developpeurs,OU=Groupe,OU=Informatique
REY;Flore;OU=Developpement,OU=Technique;Flore.REY;Developpeur;Developpement;Flore REY;FR;1;Technique\Developpement\Flore.REY;;CN=Developpeurs,OU=Groupe,OU=Informatique
PAYET;Maryse;OU=Developpement,OU=Technique;Maryse.PAYET;Developpeur;Developpement;Maryse PAYET;MP;1;Technique\Developpement\Maryse.PAYET;;CN=Developpeurs,OU=Groupe,OU=Informatique
LECLERCQ;Line;OU=Developpement,OU=Technique;Line.LECLERCQ;Developpeur;Developpement;Line LECLERCQ;LL;1;Technique\Developpement\Line.LECLERCQ;;CN=Developpeurs,OU=Groupe,OU=Informatique
GAUTHIER;Eve;OU=Formation,OU=Technique;Eve.GAUTHIER;Formateur;Formation;Eve GAUTHIER;EG;1;Technique\Formation\Eve.GAUTHIER;;CN=Formateurs,OU=Groupe,OU=Informatique
PERRIN;Tiphaine;OU=Formation,OU=Technique;Tiphaine.PERRIN;Formateur;Formation;Tiphaine PERRIN;TP;1;Technique\Formation\Tiphaine.PERRIN;;CN=Formateurs,OU=Groupe,OU=Informatique
CLEMENT;Lilia;OU=Formation,OU=Technique;Lilia.CLEMENT;Formateur;Formation;Lilia CLEMENT;LC;1;Technique\Formation\Lilia.CLEMENT;;CN=Formateurs,OU=Groupe,OU=Informatique
NICOLAS;Violaine;OU=Formation,OU=Technique;Violaine.NICOLAS;Formateur;Formation;Violaine NICOLAS;VN;1;Technique\Formation\Violaine.NICOLAS;;CN=Formateurs,OU=Groupe,OU=Informatique
ROUSSEL;Nadia;OU=Formation,OU=Technique;Nadia.ROUSSEL;Formateur;Formation;Nadia ROUSSEL;NR;1;Technique\Formation\Nadia.ROUSSEL;;CN=Formateurs,OU=Groupe,OU=Informatique
GAUTIER;Camille;OU=Formation,OU=Technique;Camille.GAUTIER;Formateur;Formation;Camille GAUTIER;CG;1;Technique\Formation\Camille.GAUTIER;;CN=Formateurs,OU=Groupe,OU=Informatique
MARCHAND;Solange;OU=Formation,OU=Technique;Solange.MARCHAND;Formateur;Formation;Solange MARCHAND;SM;1;Technique\Formation\Solange.MARCHAND;;CN=Formateurs,OU=Groupe,OU=Informatique
DENIS;Rozenn;OU=Formation,OU=Technique;Rozenn.DENIS;Formateur;Formation;Rozenn DENIS;RD;1;Technique\Formation\Rozenn.DENIS;;CN=Formateurs,OU=Groupe,OU=Informatique
MARIE;Flora;OU=Formation,OU=Technique;Flora.MARIE;Formateur;Formation;Flora MARIE;FM;1;Technique\Formation\Flora.MARIE;;CN=Formateurs,OU=Groupe,OU=Informatique
NOEL;Marjolaine;OU=Formation,OU=Technique;Marjolaine.NOEL;Formateur;Formation;Marjolaine NOEL;MN;1;Technique\Formation\Marjolaine.NOEL;;CN=Formateurs,OU=Groupe,OU=Informatique
DUFOUR;Blandine;OU=Formation,OU=Technique;Blandine.DUFOUR;Formateur;Formation;Blandine DUFOUR;BD;1;Technique\Formation\Blandine.DUFOUR;;CN=Formateurs,OU=Groupe,OU=Informatique
ADAM;Angele;OU=Formation,OU=Technique;Angele.ADAM;Formateur;Formation;Angele ADAM;AA;1;Technique\Formation\Angele.ADAM;;CN=Formateurs,OU=Groupe,OU=Informatique
POIRIER;Annabelle;OU=Formation,OU=Technique;Annabelle.POIRIER;Formateur;Formation;Annabelle POIRIER;AP;1;Technique\Formation\Annabelle.POIRIER;;CN=Formateurs,OU=Groupe,OU=Informatique
AUBRY;Maya;OU=Formation,OU=Technique;Maya.AUBRY;Formateur;Formation;Maya AUBRY;MA;1;Technique\Formation\Maya.AUBRY;;CN=Formateurs,OU=Groupe,OU=Informatique
CARRE;Sylvia;OU=Formation,OU=Technique;Sylvia.CARRE;Formateur;Formation;Sylvia CARRE;SC;1;Technique\Formation\Sylvia.CARRE;;CN=Formateurs,OU=Groupe,OU=Informatique
RENAULT;Madeleine;OU=Formation,OU=Technique;Madeleine.RENAULT;Formateur;Formation;Madeleine RENAULT;MR;1;Technique\Formation\Madeleine.RENAULT;;CN=Formateurs,OU=Groupe,OU=Informatique
PARIS;Nancy;OU=Formation,OU=Technique;Nancy.PARIS;Formateur;Formation;Nancy PARIS;NP;1;Technique\Formation\Nancy.PARIS;;CN=Formateurs,OU=Groupe,OU=Informatique
MARTY;Fabienne;OU=Formation,OU=Technique;Fabienne.MARTY;Formateur;Formation;Fabienne MARTY;FM;1;Technique\Formation\Fabienne.MARTY;;CN=Formateurs,OU=Groupe,OU=Informatique
GUYOT;Sylvie;OU=Formation,OU=Technique;Sylvie.GUYOT;Formateur;Formation;Sylvie GUYOT;SG;1;Technique\Formation\Sylvie.GUYOT;;CN=Formateurs,OU=Groupe,OU=Informatique
CHARLES;Anne-Claire;OU=Formation,OU=Technique;Anne-Claire.CHARLES;Formateur;Formation;Anne-Claire CHARLES;AC;1;Technique\Formation\Anne-Claire.CHARLES;;CN=Formateurs,OU=Groupe,OU=Informatique
CHARPENTIER;Eline;OU=Formation,OU=Technique;Eline.CHARPENTIER;Formateur;Formation;Eline CHARPENTIER;EC;1;Technique\Formation\Eline.CHARPENTIER;;CN=Formateurs,OU=Groupe,OU=Informatique
GARCIA;Nadine;OU=Formation,OU=Technique;Nadine.GARCIA;Formateur;Formation;Nadine GARCIA;NG;1;Technique\Formation\Nadine.GARCIA;;CN=Formateurs,OU=Groupe,OU=Informatique
ROBIN;Yves;OU=Formation,OU=Technique;Yves.ROBIN;Formateur;Formation;Yves ROBIN;YR;1;Technique\Formation\Yves.ROBIN;;CN=Formateurs,OU=Groupe,OU=Informatique
MORIN;Gwenaelle;OU=Formation,OU=Technique;Gwenaelle.MORIN;Formateur;Formation;Gwenaelle MORIN;GM;1;Technique\Formation\Gwenaelle.MORIN;;CN=Formateurs,OU=Groupe,OU=Informatique
HENRY;Florien;OU=Formation,OU=Technique;Florien.HENRY;Formateur;Formation;Florien HENRY;FH;1;Technique\Formation\Florien.HENRY;;CN=Formateurs,OU=Groupe,OU=Informatique
MATHIEU;Gladys;OU=Formation,OU=Technique;Gladys.MATHIEU;Formateur;Formation;Gladys MATHIEU;GM;1;Technique\Formation\Gladys.MATHIEU;;CN=Formateurs,OU=Groupe,OU=Informatique
MASSON;Isabelle;OU=Formation,OU=Technique;Isabelle.MASSON;Formateur;Formation;Isabelle MASSON;IM;1;Technique\Formation\Isabelle.MASSON;;CN=Formateurs,OU=Groupe,OU=Informatique
DUVAL;Eliane;OU=Formation,OU=Technique;Eliane.DUVAL;Formateur;Formation;Eliane DUVAL;ED;1;Technique\Formation\Eliane.DUVAL;;CN=Formateurs,OU=Groupe,OU=Informatique
DUMONT;Meline;OU=Formation,OU=Technique;Meline.DUMONT;Formateur;Formation;Meline DUMONT;MD;1;Technique\Formation\Meline.DUMONT;;CN=Formateurs,OU=Groupe,OU=Informatique
LEMAIRE;Lorraine;OU=Formation,OU=Technique;Lorraine.LEMAIRE;Formateur;Formation;Lorraine LEMAIRE;LL;1;Technique\Formation\Lorraine.LEMAIRE;;CN=Formateurs,OU=Groupe,OU=Informatique
MEYER;Amaury;OU=Fabrication,OU=Technique;Amaury.MEYER;Usineur;Fabrication;Amaury MEYER;AM;1;Technique\Fabrication\Amaury.MEYER;;CN=Fabricants,OU=Groupe,OU=Informatique
MEUNIER;Suzanne;OU=Fabrication,OU=Technique;Suzanne.MEUNIER;Usineur;Fabrication;Suzanne MEUNIER;SM;1;Technique\Fabrication\Suzanne.MEUNIER;;CN=Fabricants,OU=Groupe,OU=Informatique
GUILLAUME;Laure;OU=Fabrication,OU=Technique;Laure.GUILLAUME;Usineur;Fabrication;Laure GUILLAUME;LG;1;Technique\Fabrication\Laure.GUILLAUME;;CN=Fabricants,OU=Groupe,OU=Informatique
LOPEZ;Flavia;OU=Fabrication,OU=Technique;Flavia.LOPEZ;Usineur;Fabrication;Flavia LOPEZ;FL;1;Technique\Fabrication\Flavia.LOPEZ;;CN=Fabricants,OU=Groupe,OU=Informatique
DUPUY;Francesca;OU=Fabrication,OU=Technique;Francesca.DUPUY;Usineur;Fabrication;Francesca DUPUY;FD;1;Technique\Fabrication\Francesca.DUPUY;;CN=Fabricants,OU=Groupe,OU=Informatique
HUBERT;Juliette;OU=Fabrication,OU=Technique;Juliette.HUBERT;Usineur;Fabrication;Juliette HUBERT;JH;1;Technique\Fabrication\Juliette.HUBERT;;CN=Fabricants,OU=Groupe,OU=Informatique
CARPENTIER;Laurence;OU=Fabrication,OU=Technique;Laurence.CARPENTIER;Usineur;Fabrication;Laurence CARPENTIER;LC;1;Technique\Fabrication\Laurence.CARPENTIER;;CN=Fabricants,OU=Groupe,OU=Informatique
DUPUIS;Charles;OU=Fabrication,OU=Technique;Charles.DUPUIS;Usineur;Fabrication;Charles DUPUIS;CD;1;Technique\Fabrication\Charles.DUPUIS;;CN=Fabricants,OU=Groupe,OU=Informatique
LOUIS;Thibault;OU=Fabrication,OU=Technique;Thibault.LOUIS;Usineur;Fabrication;Thibault LOUIS;TL;1;Technique\Fabrication\Thibault.LOUIS;;CN=Fabricants,OU=Groupe,OU=Informatique
HUET;Basile;OU=Fabrication,OU=Technique;Basile.HUET;Usineur;Fabrication;Basile HUET;BH;1;Technique\Fabrication\Basile.HUET;;CN=Fabricants,OU=Groupe,OU=Informatique
PEREZ;Clement;OU=Fabrication,OU=Technique;Clement.PEREZ;Usineur;Fabrication;Clement PEREZ;CP;1;Technique\Fabrication\Clement.PEREZ;;CN=Fabricants,OU=Groupe,OU=Informatique
FLEURY;Maxence;OU=Fabrication,OU=Technique;Maxence.FLEURY;Usineur;Fabrication;Maxence FLEURY;MF;1;Technique\Fabrication\Maxence.FLEURY;;CN=Fabricants,OU=Groupe,OU=Informatique
KLEIN;Justin;OU=Fabrication,OU=Technique;Justin.KLEIN;Usineur;Fabrication;Justin KLEIN;JK;1;Technique\Fabrication\Justin.KLEIN;;CN=Fabricants,OU=Groupe,OU=Informatique
LECOMTE;Gregoire;OU=Fabrication,OU=Technique;Gregoire.LECOMTE;Usineur;Fabrication;Gregoire LECOMTE;GL;1;Technique\Fabrication\Gregoire.LECOMTE;;CN=Fabricants,OU=Groupe,OU=Informatique
JEAN;Alienor;OU=Boutique,OU=Vente;Alienor.JEAN;Vendeur;Vente;Alienor JEAN;AJ;1;Vente\Boutique\Alienor.JEAN;;CN=Vendeurs,OU=Groupe,OU=Informatique
GUILLOT;Mariette;OU=Boutique,OU=Vente;Mariette.GUILLOT;Vendeur;Vente;Mariette GUILLOT;MG;1;Vente\Boutique\Mariette.GUILLOT;;CN=Vendeurs,OU=Groupe,OU=Informatique
BERGER;Camille;OU=Boutique,OU=Vente;Camille.BERGER;Vendeur;Vente;Camille BERGER;CB;1;Vente\Boutique\Camille.BERGER;;CN=Vendeurs,OU=Groupe,OU=Informatique
SANCHEZ;Jarod;OU=Boutique,OU=Vente;Jarod.SANCHEZ;Vendeur;Vente;Jarod SANCHEZ;JS;1;Vente\Boutique\Jarod.SANCHEZ;;CN=Vendeurs,OU=Groupe,OU=Informatique
MOULIN;Esther;OU=Boutique,OU=Vente;Esther.MOULIN;Vendeur;Vente;Esther MOULIN;EM;1;Vente\Boutique\Esther.MOULIN;;CN=Vendeurs,OU=Groupe,OU=Informatique
DESCHAMPS;Lamia;OU=Boutique,OU=Vente;Lamia.DESCHAMPS;Vendeur;Vente;Lamia DESCHAMPS;LD;1;Vente\Boutique\Lamia.DESCHAMPS;;CN=Vendeurs,OU=Groupe,OU=Informatique
VASSEUR;Dorian;OU=Stock,OU=Vente;Dorian.VASSEUR;Magasinier;Stock;Dorian VASSEUR;DV;1;Vente\Stock\Dorian.VASSEUR;;CN=Magasiniers,OU=Groupe,OU=Informatique
BOUCHER;Simon;OU=Stock,OU=Vente;Simon.BOUCHER;Magasinier;Stock;Simon BOUCHER;SB;1;Vente\Stock\Simon.BOUCHER;;CN=Magasiniers,OU=Groupe,OU=Informatique
ROYER;Anouk;OU=Commercial,OU=Vente;Anouk.ROYER;Commercial;Commercial;Anouk ROYER;AR;1;Vente\Commercial\Anouk.ROYER;;CN=Commerciaux,OU=Groupe,OU=Informatique
JACQUET;Margaux;OU=Commercial,OU=Vente;Margaux.JACQUET;Commercial;Commercial;Margaux JACQUET;MJ;1;Vente\Commercial\Margaux.JACQUET;;CN=Commerciaux,OU=Groupe,OU=Informatique
WEBER;Marie-Odile;OU=Commercial,OU=Vente;Marie-Odile.WEBER;Commercial;Commercial;Marie-Odile WEBER;MW;1;Vente\Commercial\Marie-Odile.WEBER;;CN=Commerciaux,OU=Groupe,OU=Informatique
HAMON;Raphaelle;OU=Commercial,OU=Vente;Raphaelle.HAMON;Commercial;Commercial;Raphaelle HAMON;RH;1;Vente\Commercial\Raphaelle.HAMON;;CN=Commerciaux,OU=Groupe,OU=Informatique
JACOB;Hubert;OU=Commercial,OU=Vente;Hubert.JACOB;Commercial;Commercial;Hubert JACOB;HJ;1;Vente\Commercial\Hubert.JACOB;;CN=Commerciaux,OU=Groupe,OU=Informatique
MICHAUD;Lou-Anne;OU=Commercial,OU=Vente;Lou-Anne.MICHAUD;Commercial;Commercial;Lou-Anne MICHAUD;LM;1;Vente\Commercial\Lou-Anne.MICHAUD;;CN=Commerciaux,OU=Groupe,OU=Informatique
GUICHARD;Adam;OU=Commercial,OU=Vente;Adam.GUICHARD;Commercial;Commercial;Adam GUICHARD;AG;1;Vente\Commercial\Adam.GUICHARD;;CN=Commerciaux,OU=Groupe,OU=Informatique
ETIENNE;Etienne;OU=Commercial,OU=Vente;Etienne.ETIENNE;Commercial;Commercial;Etienne ETIENNE;EE;1;Vente\Commercial\Etienne.ETIENNE;;CN=Commerciaux,OU=Groupe,OU=Informatique
POULAIN;Baptiste;OU=Commercial,OU=Vente;Baptiste.POULAIN;Commercial;Commercial;Baptiste POULAIN;BP;1;Vente\Commercial\Baptiste.POULAIN;;CN=Commerciaux,OU=Groupe,OU=Informatique
CHEVALLIER;Lina;OU=Commercial,OU=Vente;Lina.CHEVALLIER;Commercial;Commercial;Lina CHEVALLIER;LC;1;Vente\Commercial\Lina.CHEVALLIER;;CN=Commerciaux,OU=Groupe,OU=Informatique
CHAUVIN;Oscar;OU=Commercial,OU=Vente;Oscar.CHAUVIN;Commercial;Commercial;Oscar CHAUVIN;OC;1;Vente\Commercial\Oscar.CHAUVIN;;CN=Commerciaux,OU=Groupe,OU=Informatique
BOUCHET;Joseph;OU=Direction;Joseph.BOUCHET;Directeur General;Direction;Joseph BOUCHET;JB;1;Direction\Joseph.BOUCHET;;CN=Directeurs,OU=Groupe,OU=Informatique
LEMAITRE;Alissa;OU=Direction;Alissa.LEMAITRE;Directeur Technique;Direction;Alissa LEMAITRE;AL;1;Direction\Alissa.LEMAITRE;;CN=Directeurs,OU=Groupe,OU=Informatique
HOARAU;Jean-Baptiste;OU=Direction;Jean-Baptiste.HOARAU;Directeur Administratif;Direction;Jean-Baptiste HOARAU;JH;1;Direction\Jean-Baptiste.HOARAU;;CN=Directeurs,OU=Groupe,OU=Informatique
GAY;Martin;OU=Direction;Martin.GAY;Directeur Formation;Direction;Martin GAY;MG;1;Direction\Martin.GAY;;CN=Directeurs,OU=Groupe,OU=Informatique
BENARD;Bertrand;OU=Direction;Bertrand.BENARD;Directeur Fabrication;Direction;Bertrand BENARD;BB;1;Direction\Bertrand.BENARD;;CN=Directeurs,OU=Groupe,OU=Informatique
HUMBERT;Alix;OU=Direction;Alix.HUMBERT;Directeur Vente;Direction;Alix HUMBERT;AH;1;Direction\Alix.HUMBERT;;CN=Directeurs,OU=Groupe,OU=Informatique
